Copyright 1986-2019 Xilinx, Inc. All Rights Reserved.
-----------------------------------------------------------------------------------------------------------------------------------------------------------------------------------------------------------
| Tool Version : Vivado v.2019.1 (win64) Build 2552052 Fri May 24 14:49:42 MDT 2019
| Date         : Fri Sep 18 13:10:31 2026
| Host         : DESKTOP-RDVBQR0 running 64-bit major release  (build 9200)
| Command      : report_timing_summary -max_paths 10 -file ps2_keyboard_timing_summary_routed.rpt -pb ps2_keyboard_timing_summary_routed.pb -rpx ps2_keyboard_timing_summary_routed.rpx -warn_on_violation
| Design       : ps2_keyboard
| Device       : 7a100t-csg324
| Speed File   : -1  PRODUCTION 1.23 2018-06-13
-----------------------------------------------------------------------------------------------------------------------------------------------------------------------------------------------------------

Timing Summary Report

------------------------------------------------------------------------------------------------
| Timer Settings
| --------------
------------------------------------------------------------------------------------------------

  Enable Multi Corner Analysis               :  Yes
  Enable Pessimism Removal                   :  Yes
  Pessimism Removal Resolution               :  Nearest Common Node
  Enable Input Delay Default Clock           :  No
  Enable Preset / Clear Arcs                 :  No
  Disable Flight Delays                      :  No
  Ignore I/O Paths                           :  No
  Timing Early Launch at Borrowing Latches   :  No
  Borrow Time for Max Delay Exceptions       :  Yes

  Corner  Analyze    Analyze    
  Name    Max Paths  Min Paths  
  ------  ---------  ---------  
  Slow    Yes        Yes        
  Fast    Yes        Yes        



check_timing report

Table of Contents
-----------------
1. checking no_clock
2. checking constant_clock
3. checking pulse_width_clock
4. checking unconstrained_internal_endpoints
5. checking no_input_delay
6. checking no_output_delay
7. checking multiple_clock
8. checking generated_clocks
9. checking loops
10. checking partial_input_delay
11. checking partial_output_delay
12. checking latch_loops

1. checking no_clock
--------------------
 There are 0 register/latch pins with no clock.


2. checking constant_clock
--------------------------
 There are 0 register/latch pins with constant_clock.


3. checking pulse_width_clock
-----------------------------
 There are 0 register/latch pins which need pulse_width check


4. checking unconstrained_internal_endpoints
--------------------------------------------
 There are 0 pins that are not constrained for maximum delay.

 There are 0 pins that are not constrained for maximum delay due to constant clock.


5. checking no_input_delay
--------------------------
 There are 2 input ports with no input delay specified. (HIGH)

 There are 0 input ports with no input delay but user has a false path constraint.


6. checking no_output_delay
---------------------------
 There are 10 ports with no output delay specified. (HIGH)

 There are 0 ports with no output delay but user has a false path constraint

 There are 0 ports with no output delay but with a timing clock defined on it or propagating through it


7. checking multiple_clock
--------------------------
 There are 0 register/latch pins with multiple clocks.


8. checking generated_clocks
----------------------------
 There are 0 generated clocks that are not connected to a clock source.


9. checking loops
-----------------
 There are 0 combinational loops in the design.


10. checking partial_input_delay
--------------------------------
 There are 0 input ports with partial input delay specified.


11. checking partial_output_delay
---------------------------------
 There are 0 ports with partial output delay specified.


12. checking latch_loops
------------------------
 There are 0 combinational latch loops in the design through latch input



------------------------------------------------------------------------------------------------
| Design Timing Summary
| ---------------------
------------------------------------------------------------------------------------------------

    WNS(ns)      TNS(ns)  TNS Failing Endpoints  TNS Total Endpoints      WHS(ns)      THS(ns)  THS Failing Endpoints  THS Total Endpoints     WPWS(ns)     TPWS(ns)  TPWS Failing Endpoints  TPWS Total Endpoints  
    -------      -------  ---------------------  -------------------      -------      -------  ---------------------  -------------------     --------     --------  ----------------------  --------------------  
      6.581        0.000                      0                  103        0.137        0.000                      0                  103        4.500        0.000                       0                    58  


All user specified timing constraints are met.


------------------------------------------------------------------------------------------------
| Clock Summary
| -------------
------------------------------------------------------------------------------------------------

Clock        Waveform(ns)         Period(ns)      Frequency(MHz)
-----        ------------         ----------      --------------
PS2_CLK_pin  {0.000 50.000}       100.000         10.000          
sys_clk_pin  {0.000 5.000}        10.000          100.000         


------------------------------------------------------------------------------------------------
| Intra Clock Table
| -----------------
------------------------------------------------------------------------------------------------

Clock             WNS(ns)      TNS(ns)  TNS Failing Endpoints  TNS Total Endpoints      WHS(ns)      THS(ns)  THS Failing Endpoints  THS Total Endpoints     WPWS(ns)     TPWS(ns)  TPWS Failing Endpoints  TPWS Total Endpoints  
-----             -------      -------  ---------------------  -------------------      -------      -------  ---------------------  -------------------     --------     --------  ----------------------  --------------------  
sys_clk_pin         6.581        0.000                      0                  102        0.137        0.000                      0                  102        4.500        0.000                       0                    58  


------------------------------------------------------------------------------------------------
| Inter Clock Table
| -----------------
------------------------------------------------------------------------------------------------

From Clock    To Clock          WNS(ns)      TNS(ns)  TNS Failing Endpoints  TNS Total Endpoints      WHS(ns)      THS(ns)  THS Failing Endpoints  THS Total Endpoints  
----------    --------          -------      -------  ---------------------  -------------------      -------      -------  ---------------------  -------------------  
PS2_CLK_pin   sys_clk_pin         8.524        0.000                      0                    1        0.142        0.000                      0                    1  


------------------------------------------------------------------------------------------------
| Other Path Groups Table
| -----------------------
------------------------------------------------------------------------------------------------

Path Group    From Clock    To Clock          WNS(ns)      TNS(ns)  TNS Failing Endpoints  TNS Total Endpoints      WHS(ns)      THS(ns)  THS Failing Endpoints  THS Total Endpoints  
----------    ----------    --------          -------      -------  ---------------------  -------------------      -------      -------  ---------------------  -------------------  


------------------------------------------------------------------------------------------------
| Timing Details
| --------------
------------------------------------------------------------------------------------------------


---------------------------------------------------------------------------------------------------
From Clock:  sys_clk_pin
  To Clock:  sys_clk_pin

Setup :            0  Failing Endpoints,  Worst Slack        6.581ns,  Total Violation        0.000ns
Hold  :            0  Failing Endpoints,  Worst Slack        0.137ns,  Total Violation        0.000ns
PW    :            0  Failing Endpoints,  Worst Slack        4.500ns,  Total Violation        0.000ns
---------------------------------------------------------------------------------------------------


Max Delay Paths
--------------------------------------------------------------------------------------
Slack (MET) :             6.581ns  (required time - arrival time)
  Source:                 sclk_enable_reg/C
                            (rising edge-triggered cell FDRE clocked by sys_clk_pin  {rise@0.000ns fall@5.000ns period=10.000ns})
  Destination:            sreg_reg[0]/CE
                            (rising edge-triggered cell FDCE clocked by sys_clk_pin  {rise@0.000ns fall@5.000ns period=10.000ns})
  Path Group:             sys_clk_pin
  Path Type:              Setup (Max at Slow Process Corner)
  Requirement:            10.000ns  (sys_clk_pin rise@10.000ns - sys_clk_pin rise@0.000ns)
  Data Path Delay:        3.140ns  (logic 0.897ns (28.565%)  route 2.243ns (71.435%))
  Logic Levels:           2  (LUT3=1 LUT6=1)
  Clock Path Skew:        -0.038ns (DCD - SCD + CPR)
    Destination Clock Delay (DCD):    5.001ns = ( 15.001 - 10.000 ) 
    Source Clock Delay      (SCD):    5.298ns
    Clock Pessimism Removal (CPR):    0.259ns
  Clock Uncertainty:      0.035ns  ((TSJ^2 + TIJ^2)^1/2 + DJ) / 2 + PE
    Total System Jitter     (TSJ):    0.071ns
    Total Input Jitter      (TIJ):    0.000ns
    Discrete Jitter          (DJ):    0.000ns
    Phase Error              (PE):    0.000ns

    Location             Delay type                Incr(ns)  Path(ns)    Netlist Resource(s)
  -------------------------------------------------------------------    -------------------
                         (clock sys_clk_pin rise edge)
                                                      0.000     0.000 r  
    E3                                                0.000     0.000 r  CLK_100MHZ (IN)
                         net (fo=0)                   0.000     0.000    CLK_100MHZ
    E3                   IBUF (Prop_ibuf_I_O)         1.482     1.482 r  CLK_100MHZ_IBUF_inst/O
                         net (fo=1, routed)           2.025     3.506    CLK_100MHZ_IBUF
    BUFGCTRL_X0Y16       BUFG (Prop_bufg_I_O)         0.096     3.602 r  CLK_100MHZ_IBUF_BUFG_inst/O
                         net (fo=57, routed)          1.696     5.298    CLK_100MHZ_IBUF_BUFG
    SLICE_X88Y125        FDRE                                         r  sclk_enable_reg/C
  -------------------------------------------------------------------    -------------------
    SLICE_X88Y125        FDRE (Prop_fdre_C_Q)         0.478     5.776 r  sclk_enable_reg/Q
                         net (fo=11, routed)          0.867     6.643    sclk_enable_reg_n_0
    SLICE_X88Y124        LUT3 (Prop_lut3_I2_O)        0.295     6.938 f  FSM_onehot_sstate[10]_i_4/O
                         net (fo=2, routed)           0.742     7.680    FSM_onehot_sstate[10]_i_4_n_0
    SLICE_X88Y123        LUT6 (Prop_lut6_I0_O)        0.124     7.804 r  sreg[7]_i_1/O
                         net (fo=8, routed)           0.635     8.438    sreg
    SLICE_X87Y124        FDCE                                         r  sreg_reg[0]/CE
  -------------------------------------------------------------------    -------------------

                         (clock sys_clk_pin rise edge)
                                                     10.000    10.000 r  
    E3                                                0.000    10.000 r  CLK_100MHZ (IN)
                         net (fo=0)                   0.000    10.000    CLK_100MHZ
    E3                   IBUF (Prop_ibuf_I_O)         1.411    11.411 r  CLK_100MHZ_IBUF_inst/O
                         net (fo=1, routed)           1.920    13.331    CLK_100MHZ_IBUF
    BUFGCTRL_X0Y16       BUFG (Prop_bufg_I_O)         0.091    13.422 r  CLK_100MHZ_IBUF_BUFG_inst/O
                         net (fo=57, routed)          1.579    15.001    CLK_100MHZ_IBUF_BUFG
    SLICE_X87Y124        FDCE                                         r  sreg_reg[0]/C
                         clock pessimism              0.259    15.260    
                         clock uncertainty           -0.035    15.225    
    SLICE_X87Y124        FDCE (Setup_fdce_C_CE)      -0.205    15.020    sreg_reg[0]
  -------------------------------------------------------------------
                         required time                         15.020    
                         arrival time                          -8.438    
  -------------------------------------------------------------------
                         slack                                  6.581    

Slack (MET) :             6.581ns  (required time - arrival time)
  Source:                 sclk_enable_reg/C
                            (rising edge-triggered cell FDRE clocked by sys_clk_pin  {rise@0.000ns fall@5.000ns period=10.000ns})
  Destination:            sreg_reg[1]/CE
                            (rising edge-triggered cell FDCE clocked by sys_clk_pin  {rise@0.000ns fall@5.000ns period=10.000ns})
  Path Group:             sys_clk_pin
  Path Type:              Setup (Max at Slow Process Corner)
  Requirement:            10.000ns  (sys_clk_pin rise@10.000ns - sys_clk_pin rise@0.000ns)
  Data Path Delay:        3.140ns  (logic 0.897ns (28.565%)  route 2.243ns (71.435%))
  Logic Levels:           2  (LUT3=1 LUT6=1)
  Clock Path Skew:        -0.038ns (DCD - SCD + CPR)
    Destination Clock Delay (DCD):    5.001ns = ( 15.001 - 10.000 ) 
    Source Clock Delay      (SCD):    5.298ns
    Clock Pessimism Removal (CPR):    0.259ns
  Clock Uncertainty:      0.035ns  ((TSJ^2 + TIJ^2)^1/2 + DJ) / 2 + PE
    Total System Jitter     (TSJ):    0.071ns
    Total Input Jitter      (TIJ):    0.000ns
    Discrete Jitter          (DJ):    0.000ns
    Phase Error              (PE):    0.000ns

    Location             Delay type                Incr(ns)  Path(ns)    Netlist Resource(s)
  -------------------------------------------------------------------    -------------------
                         (clock sys_clk_pin rise edge)
                                                      0.000     0.000 r  
    E3                                                0.000     0.000 r  CLK_100MHZ (IN)
                         net (fo=0)                   0.000     0.000    CLK_100MHZ
    E3                   IBUF (Prop_ibuf_I_O)         1.482     1.482 r  CLK_100MHZ_IBUF_inst/O
                         net (fo=1, routed)           2.025     3.506    CLK_100MHZ_IBUF
    BUFGCTRL_X0Y16       BUFG (Prop_bufg_I_O)         0.096     3.602 r  CLK_100MHZ_IBUF_BUFG_inst/O
                         net (fo=57, routed)          1.696     5.298    CLK_100MHZ_IBUF_BUFG
    SLICE_X88Y125        FDRE                                         r  sclk_enable_reg/C
  -------------------------------------------------------------------    -------------------
    SLICE_X88Y125        FDRE (Prop_fdre_C_Q)         0.478     5.776 r  sclk_enable_reg/Q
                         net (fo=11, routed)          0.867     6.643    sclk_enable_reg_n_0
    SLICE_X88Y124        LUT3 (Prop_lut3_I2_O)        0.295     6.938 f  FSM_onehot_sstate[10]_i_4/O
                         net (fo=2, routed)           0.742     7.680    FSM_onehot_sstate[10]_i_4_n_0
    SLICE_X88Y123        LUT6 (Prop_lut6_I0_O)        0.124     7.804 r  sreg[7]_i_1/O
                         net (fo=8, routed)           0.635     8.438    sreg
    SLICE_X87Y124        FDCE                                         r  sreg_reg[1]/CE
  -------------------------------------------------------------------    -------------------

                         (clock sys_clk_pin rise edge)
                                                     10.000    10.000 r  
    E3                                                0.000    10.000 r  CLK_100MHZ (IN)
                         net (fo=0)                   0.000    10.000    CLK_100MHZ
    E3                   IBUF (Prop_ibuf_I_O)         1.411    11.411 r  CLK_100MHZ_IBUF_inst/O
                         net (fo=1, routed)           1.920    13.331    CLK_100MHZ_IBUF
    BUFGCTRL_X0Y16       BUFG (Prop_bufg_I_O)         0.091    13.422 r  CLK_100MHZ_IBUF_BUFG_inst/O
                         net (fo=57, routed)          1.579    15.001    CLK_100MHZ_IBUF_BUFG
    SLICE_X87Y124        FDCE                                         r  sreg_reg[1]/C
                         clock pessimism              0.259    15.260    
                         clock uncertainty           -0.035    15.225    
    SLICE_X87Y124        FDCE (Setup_fdce_C_CE)      -0.205    15.020    sreg_reg[1]
  -------------------------------------------------------------------
                         required time                         15.020    
                         arrival time                          -8.438    
  -------------------------------------------------------------------
                         slack                                  6.581    

Slack (MET) :             6.581ns  (required time - arrival time)
  Source:                 sclk_enable_reg/C
                            (rising edge-triggered cell FDRE clocked by sys_clk_pin  {rise@0.000ns fall@5.000ns period=10.000ns})
  Destination:            sreg_reg[2]/CE
                            (rising edge-triggered cell FDCE clocked by sys_clk_pin  {rise@0.000ns fall@5.000ns period=10.000ns})
  Path Group:             sys_clk_pin
  Path Type:              Setup (Max at Slow Process Corner)
  Requirement:            10.000ns  (sys_clk_pin rise@10.000ns - sys_clk_pin rise@0.000ns)
  Data Path Delay:        3.140ns  (logic 0.897ns (28.565%)  route 2.243ns (71.435%))
  Logic Levels:           2  (LUT3=1 LUT6=1)
  Clock Path Skew:        -0.038ns (DCD - SCD + CPR)
    Destination Clock Delay (DCD):    5.001ns = ( 15.001 - 10.000 ) 
    Source Clock Delay      (SCD):    5.298ns
    Clock Pessimism Removal (CPR):    0.259ns
  Clock Uncertainty:      0.035ns  ((TSJ^2 + TIJ^2)^1/2 + DJ) / 2 + PE
    Total System Jitter     (TSJ):    0.071ns
    Total Input Jitter      (TIJ):    0.000ns
    Discrete Jitter          (DJ):    0.000ns
    Phase Error              (PE):    0.000ns

    Location             Delay type                Incr(ns)  Path(ns)    Netlist Resource(s)
  -------------------------------------------------------------------    -------------------
                         (clock sys_clk_pin rise edge)
                                                      0.000     0.000 r  
    E3                                                0.000     0.000 r  CLK_100MHZ (IN)
                         net (fo=0)                   0.000     0.000    CLK_100MHZ
    E3                   IBUF (Prop_ibuf_I_O)         1.482     1.482 r  CLK_100MHZ_IBUF_inst/O
                         net (fo=1, routed)           2.025     3.506    CLK_100MHZ_IBUF
    BUFGCTRL_X0Y16       BUFG (Prop_bufg_I_O)         0.096     3.602 r  CLK_100MHZ_IBUF_BUFG_inst/O
                         net (fo=57, routed)          1.696     5.298    CLK_100MHZ_IBUF_BUFG
    SLICE_X88Y125        FDRE                                         r  sclk_enable_reg/C
  -------------------------------------------------------------------    -------------------
    SLICE_X88Y125        FDRE (Prop_fdre_C_Q)         0.478     5.776 r  sclk_enable_reg/Q
                         net (fo=11, routed)          0.867     6.643    sclk_enable_reg_n_0
    SLICE_X88Y124        LUT3 (Prop_lut3_I2_O)        0.295     6.938 f  FSM_onehot_sstate[10]_i_4/O
                         net (fo=2, routed)           0.742     7.680    FSM_onehot_sstate[10]_i_4_n_0
    SLICE_X88Y123        LUT6 (Prop_lut6_I0_O)        0.124     7.804 r  sreg[7]_i_1/O
                         net (fo=8, routed)           0.635     8.438    sreg
    SLICE_X87Y124        FDCE                                         r  sreg_reg[2]/CE
  -------------------------------------------------------------------    -------------------

                         (clock sys_clk_pin rise edge)
                                                     10.000    10.000 r  
    E3                                                0.000    10.000 r  CLK_100MHZ (IN)
                         net (fo=0)                   0.000    10.000    CLK_100MHZ
    E3                   IBUF (Prop_ibuf_I_O)         1.411    11.411 r  CLK_100MHZ_IBUF_inst/O
                         net (fo=1, routed)           1.920    13.331    CLK_100MHZ_IBUF
    BUFGCTRL_X0Y16       BUFG (Prop_bufg_I_O)         0.091    13.422 r  CLK_100MHZ_IBUF_BUFG_inst/O
                         net (fo=57, routed)          1.579    15.001    CLK_100MHZ_IBUF_BUFG
    SLICE_X87Y124        FDCE                                         r  sreg_reg[2]/C
                         clock pessimism              0.259    15.260    
                         clock uncertainty           -0.035    15.225    
    SLICE_X87Y124        FDCE (Setup_fdce_C_CE)      -0.205    15.020    sreg_reg[2]
  -------------------------------------------------------------------
                         required time                         15.020    
                         arrival time                          -8.438    
  -------------------------------------------------------------------
                         slack                                  6.581    

Slack (MET) :             6.581ns  (required time - arrival time)
  Source:                 sclk_enable_reg/C
                            (rising edge-triggered cell FDRE clocked by sys_clk_pin  {rise@0.000ns fall@5.000ns period=10.000ns})
  Destination:            sreg_reg[3]/CE
                            (rising edge-triggered cell FDCE clocked by sys_clk_pin  {rise@0.000ns fall@5.000ns period=10.000ns})
  Path Group:             sys_clk_pin
  Path Type:              Setup (Max at Slow Process Corner)
  Requirement:            10.000ns  (sys_clk_pin rise@10.000ns - sys_clk_pin rise@0.000ns)
  Data Path Delay:        3.140ns  (logic 0.897ns (28.565%)  route 2.243ns (71.435%))
  Logic Levels:           2  (LUT3=1 LUT6=1)
  Clock Path Skew:        -0.038ns (DCD - SCD + CPR)
    Destination Clock Delay (DCD):    5.001ns = ( 15.001 - 10.000 ) 
    Source Clock Delay      (SCD):    5.298ns
    Clock Pessimism Removal (CPR):    0.259ns
  Clock Uncertainty:      0.035ns  ((TSJ^2 + TIJ^2)^1/2 + DJ) / 2 + PE
    Total System Jitter     (TSJ):    0.071ns
    Total Input Jitter      (TIJ):    0.000ns
    Discrete Jitter          (DJ):    0.000ns
    Phase Error              (PE):    0.000ns

    Location             Delay type                Incr(ns)  Path(ns)    Netlist Resource(s)
  -------------------------------------------------------------------    -------------------
                         (clock sys_clk_pin rise edge)
                                                      0.000     0.000 r  
    E3                                                0.000     0.000 r  CLK_100MHZ (IN)
                         net (fo=0)                   0.000     0.000    CLK_100MHZ
    E3                   IBUF (Prop_ibuf_I_O)         1.482     1.482 r  CLK_100MHZ_IBUF_inst/O
                         net (fo=1, routed)           2.025     3.506    CLK_100MHZ_IBUF
    BUFGCTRL_X0Y16       BUFG (Prop_bufg_I_O)         0.096     3.602 r  CLK_100MHZ_IBUF_BUFG_inst/O
                         net (fo=57, routed)          1.696     5.298    CLK_100MHZ_IBUF_BUFG
    SLICE_X88Y125        FDRE                                         r  sclk_enable_reg/C
  -------------------------------------------------------------------    -------------------
    SLICE_X88Y125        FDRE (Prop_fdre_C_Q)         0.478     5.776 r  sclk_enable_reg/Q
                         net (fo=11, routed)          0.867     6.643    sclk_enable_reg_n_0
    SLICE_X88Y124        LUT3 (Prop_lut3_I2_O)        0.295     6.938 f  FSM_onehot_sstate[10]_i_4/O
                         net (fo=2, routed)           0.742     7.680    FSM_onehot_sstate[10]_i_4_n_0
    SLICE_X88Y123        LUT6 (Prop_lut6_I0_O)        0.124     7.804 r  sreg[7]_i_1/O
                         net (fo=8, routed)           0.635     8.438    sreg
    SLICE_X87Y124        FDCE                                         r  sreg_reg[3]/CE
  -------------------------------------------------------------------    -------------------

                         (clock sys_clk_pin rise edge)
                                                     10.000    10.000 r  
    E3                                                0.000    10.000 r  CLK_100MHZ (IN)
                         net (fo=0)                   0.000    10.000    CLK_100MHZ
    E3                   IBUF (Prop_ibuf_I_O)         1.411    11.411 r  CLK_100MHZ_IBUF_inst/O
                         net (fo=1, routed)           1.920    13.331    CLK_100MHZ_IBUF
    BUFGCTRL_X0Y16       BUFG (Prop_bufg_I_O)         0.091    13.422 r  CLK_100MHZ_IBUF_BUFG_inst/O
                         net (fo=57, routed)          1.579    15.001    CLK_100MHZ_IBUF_BUFG
    SLICE_X87Y124        FDCE                                         r  sreg_reg[3]/C
                         clock pessimism              0.259    15.260    
                         clock uncertainty           -0.035    15.225    
    SLICE_X87Y124        FDCE (Setup_fdce_C_CE)      -0.205    15.020    sreg_reg[3]
  -------------------------------------------------------------------
                         required time                         15.020    
                         arrival time                          -8.438    
  -------------------------------------------------------------------
                         slack                                  6.581    

Slack (MET) :             6.581ns  (required time - arrival time)
  Source:                 sclk_enable_reg/C
                            (rising edge-triggered cell FDRE clocked by sys_clk_pin  {rise@0.000ns fall@5.000ns period=10.000ns})
  Destination:            sreg_reg[4]/CE
                            (rising edge-triggered cell FDCE clocked by sys_clk_pin  {rise@0.000ns fall@5.000ns period=10.000ns})
  Path Group:             sys_clk_pin
  Path Type:              Setup (Max at Slow Process Corner)
  Requirement:            10.000ns  (sys_clk_pin rise@10.000ns - sys_clk_pin rise@0.000ns)
  Data Path Delay:        3.140ns  (logic 0.897ns (28.565%)  route 2.243ns (71.435%))
  Logic Levels:           2  (LUT3=1 LUT6=1)
  Clock Path Skew:        -0.038ns (DCD - SCD + CPR)
    Destination Clock Delay (DCD):    5.001ns = ( 15.001 - 10.000 ) 
    Source Clock Delay      (SCD):    5.298ns
    Clock Pessimism Removal (CPR):    0.259ns
  Clock Uncertainty:      0.035ns  ((TSJ^2 + TIJ^2)^1/2 + DJ) / 2 + PE
    Total System Jitter     (TSJ):    0.071ns
    Total Input Jitter      (TIJ):    0.000ns
    Discrete Jitter          (DJ):    0.000ns
    Phase Error              (PE):    0.000ns

    Location             Delay type                Incr(ns)  Path(ns)    Netlist Resource(s)
  -------------------------------------------------------------------    -------------------
                         (clock sys_clk_pin rise edge)
                                                      0.000     0.000 r  
    E3                                                0.000     0.000 r  CLK_100MHZ (IN)
                         net (fo=0)                   0.000     0.000    CLK_100MHZ
    E3                   IBUF (Prop_ibuf_I_O)         1.482     1.482 r  CLK_100MHZ_IBUF_inst/O
                         net (fo=1, routed)           2.025     3.506    CLK_100MHZ_IBUF
    BUFGCTRL_X0Y16       BUFG (Prop_bufg_I_O)         0.096     3.602 r  CLK_100MHZ_IBUF_BUFG_inst/O
                         net (fo=57, routed)          1.696     5.298    CLK_100MHZ_IBUF_BUFG
    SLICE_X88Y125        FDRE                                         r  sclk_enable_reg/C
  -------------------------------------------------------------------    -------------------
    SLICE_X88Y125        FDRE (Prop_fdre_C_Q)         0.478     5.776 r  sclk_enable_reg/Q
                         net (fo=11, routed)          0.867     6.643    sclk_enable_reg_n_0
    SLICE_X88Y124        LUT3 (Prop_lut3_I2_O)        0.295     6.938 f  FSM_onehot_sstate[10]_i_4/O
                         net (fo=2, routed)           0.742     7.680    FSM_onehot_sstate[10]_i_4_n_0
    SLICE_X88Y123        LUT6 (Prop_lut6_I0_O)        0.124     7.804 r  sreg[7]_i_1/O
                         net (fo=8, routed)           0.635     8.438    sreg
    SLICE_X87Y124        FDCE                                         r  sreg_reg[4]/CE
  -------------------------------------------------------------------    -------------------

                         (clock sys_clk_pin rise edge)
                                                     10.000    10.000 r  
    E3                                                0.000    10.000 r  CLK_100MHZ (IN)
                         net (fo=0)                   0.000    10.000    CLK_100MHZ
    E3                   IBUF (Prop_ibuf_I_O)         1.411    11.411 r  CLK_100MHZ_IBUF_inst/O
                         net (fo=1, routed)           1.920    13.331    CLK_100MHZ_IBUF
    BUFGCTRL_X0Y16       BUFG (Prop_bufg_I_O)         0.091    13.422 r  CLK_100MHZ_IBUF_BUFG_inst/O
                         net (fo=57, routed)          1.579    15.001    CLK_100MHZ_IBUF_BUFG
    SLICE_X87Y124        FDCE                                         r  sreg_reg[4]/C
                         clock pessimism              0.259    15.260    
                         clock uncertainty           -0.035    15.225    
    SLICE_X87Y124        FDCE (Setup_fdce_C_CE)      -0.205    15.020    sreg_reg[4]
  -------------------------------------------------------------------
                         required time                         15.020    
                         arrival time                          -8.438    
  -------------------------------------------------------------------
                         slack                                  6.581    

Slack (MET) :             6.581ns  (required time - arrival time)
  Source:                 sclk_enable_reg/C
                            (rising edge-triggered cell FDRE clocked by sys_clk_pin  {rise@0.000ns fall@5.000ns period=10.000ns})
  Destination:            sreg_reg[5]/CE
                            (rising edge-triggered cell FDCE clocked by sys_clk_pin  {rise@0.000ns fall@5.000ns period=10.000ns})
  Path Group:             sys_clk_pin
  Path Type:              Setup (Max at Slow Process Corner)
  Requirement:            10.000ns  (sys_clk_pin rise@10.000ns - sys_clk_pin rise@0.000ns)
  Data Path Delay:        3.140ns  (logic 0.897ns (28.565%)  route 2.243ns (71.435%))
  Logic Levels:           2  (LUT3=1 LUT6=1)
  Clock Path Skew:        -0.038ns (DCD - SCD + CPR)
    Destination Clock Delay (DCD):    5.001ns = ( 15.001 - 10.000 ) 
    Source Clock Delay      (SCD):    5.298ns
    Clock Pessimism Removal (CPR):    0.259ns
  Clock Uncertainty:      0.035ns  ((TSJ^2 + TIJ^2)^1/2 + DJ) / 2 + PE
    Total System Jitter     (TSJ):    0.071ns
    Total Input Jitter      (TIJ):    0.000ns
    Discrete Jitter          (DJ):    0.000ns
    Phase Error              (PE):    0.000ns

    Location             Delay type                Incr(ns)  Path(ns)    Netlist Resource(s)
  -------------------------------------------------------------------    -------------------
                         (clock sys_clk_pin rise edge)
                                                      0.000     0.000 r  
    E3                                                0.000     0.000 r  CLK_100MHZ (IN)
                         net (fo=0)                   0.000     0.000    CLK_100MHZ
    E3                   IBUF (Prop_ibuf_I_O)         1.482     1.482 r  CLK_100MHZ_IBUF_inst/O
                         net (fo=1, routed)           2.025     3.506    CLK_100MHZ_IBUF
    BUFGCTRL_X0Y16       BUFG (Prop_bufg_I_O)         0.096     3.602 r  CLK_100MHZ_IBUF_BUFG_inst/O
                         net (fo=57, routed)          1.696     5.298    CLK_100MHZ_IBUF_BUFG
    SLICE_X88Y125        FDRE                                         r  sclk_enable_reg/C
  -------------------------------------------------------------------    -------------------
    SLICE_X88Y125        FDRE (Prop_fdre_C_Q)         0.478     5.776 r  sclk_enable_reg/Q
                         net (fo=11, routed)          0.867     6.643    sclk_enable_reg_n_0
    SLICE_X88Y124        LUT3 (Prop_lut3_I2_O)        0.295     6.938 f  FSM_onehot_sstate[10]_i_4/O
                         net (fo=2, routed)           0.742     7.680    FSM_onehot_sstate[10]_i_4_n_0
    SLICE_X88Y123        LUT6 (Prop_lut6_I0_O)        0.124     7.804 r  sreg[7]_i_1/O
                         net (fo=8, routed)           0.635     8.438    sreg
    SLICE_X87Y124        FDCE                                         r  sreg_reg[5]/CE
  -------------------------------------------------------------------    -------------------

                         (clock sys_clk_pin rise edge)
                                                     10.000    10.000 r  
    E3                                                0.000    10.000 r  CLK_100MHZ (IN)
                         net (fo=0)                   0.000    10.000    CLK_100MHZ
    E3                   IBUF (Prop_ibuf_I_O)         1.411    11.411 r  CLK_100MHZ_IBUF_inst/O
                         net (fo=1, routed)           1.920    13.331    CLK_100MHZ_IBUF
    BUFGCTRL_X0Y16       BUFG (Prop_bufg_I_O)         0.091    13.422 r  CLK_100MHZ_IBUF_BUFG_inst/O
                         net (fo=57, routed)          1.579    15.001    CLK_100MHZ_IBUF_BUFG
    SLICE_X87Y124        FDCE                                         r  sreg_reg[5]/C
                         clock pessimism              0.259    15.260    
                         clock uncertainty           -0.035    15.225    
    SLICE_X87Y124        FDCE (Setup_fdce_C_CE)      -0.205    15.020    sreg_reg[5]
  -------------------------------------------------------------------
                         required time                         15.020    
                         arrival time                          -8.438    
  -------------------------------------------------------------------
                         slack                                  6.581    

Slack (MET) :             6.581ns  (required time - arrival time)
  Source:                 sclk_enable_reg/C
                            (rising edge-triggered cell FDRE clocked by sys_clk_pin  {rise@0.000ns fall@5.000ns period=10.000ns})
  Destination:            sreg_reg[6]/CE
                            (rising edge-triggered cell FDCE clocked by sys_clk_pin  {rise@0.000ns fall@5.000ns period=10.000ns})
  Path Group:             sys_clk_pin
  Path Type:              Setup (Max at Slow Process Corner)
  Requirement:            10.000ns  (sys_clk_pin rise@10.000ns - sys_clk_pin rise@0.000ns)
  Data Path Delay:        3.140ns  (logic 0.897ns (28.565%)  route 2.243ns (71.435%))
  Logic Levels:           2  (LUT3=1 LUT6=1)
  Clock Path Skew:        -0.038ns (DCD - SCD + CPR)
    Destination Clock Delay (DCD):    5.001ns = ( 15.001 - 10.000 ) 
    Source Clock Delay      (SCD):    5.298ns
    Clock Pessimism Removal (CPR):    0.259ns
  Clock Uncertainty:      0.035ns  ((TSJ^2 + TIJ^2)^1/2 + DJ) / 2 + PE
    Total System Jitter     (TSJ):    0.071ns
    Total Input Jitter      (TIJ):    0.000ns
    Discrete Jitter          (DJ):    0.000ns
    Phase Error              (PE):    0.000ns

    Location             Delay type                Incr(ns)  Path(ns)    Netlist Resource(s)
  -------------------------------------------------------------------    -------------------
                         (clock sys_clk_pin rise edge)
                                                      0.000     0.000 r  
    E3                                                0.000     0.000 r  CLK_100MHZ (IN)
                         net (fo=0)                   0.000     0.000    CLK_100MHZ
    E3                   IBUF (Prop_ibuf_I_O)         1.482     1.482 r  CLK_100MHZ_IBUF_inst/O
                         net (fo=1, routed)           2.025     3.506    CLK_100MHZ_IBUF
    BUFGCTRL_X0Y16       BUFG (Prop_bufg_I_O)         0.096     3.602 r  CLK_100MHZ_IBUF_BUFG_inst/O
                         net (fo=57, routed)          1.696     5.298    CLK_100MHZ_IBUF_BUFG
    SLICE_X88Y125        FDRE                                         r  sclk_enable_reg/C
  -------------------------------------------------------------------    -------------------
    SLICE_X88Y125        FDRE (Prop_fdre_C_Q)         0.478     5.776 r  sclk_enable_reg/Q
                         net (fo=11, routed)          0.867     6.643    sclk_enable_reg_n_0
    SLICE_X88Y124        LUT3 (Prop_lut3_I2_O)        0.295     6.938 f  FSM_onehot_sstate[10]_i_4/O
                         net (fo=2, routed)           0.742     7.680    FSM_onehot_sstate[10]_i_4_n_0
    SLICE_X88Y123        LUT6 (Prop_lut6_I0_O)        0.124     7.804 r  sreg[7]_i_1/O
                         net (fo=8, routed)           0.635     8.438    sreg
    SLICE_X87Y124        FDCE                                         r  sreg_reg[6]/CE
  -------------------------------------------------------------------    -------------------

                         (clock sys_clk_pin rise edge)
                                                     10.000    10.000 r  
    E3                                                0.000    10.000 r  CLK_100MHZ (IN)
                         net (fo=0)                   0.000    10.000    CLK_100MHZ
    E3                   IBUF (Prop_ibuf_I_O)         1.411    11.411 r  CLK_100MHZ_IBUF_inst/O
                         net (fo=1, routed)           1.920    13.331    CLK_100MHZ_IBUF
    BUFGCTRL_X0Y16       BUFG (Prop_bufg_I_O)         0.091    13.422 r  CLK_100MHZ_IBUF_BUFG_inst/O
                         net (fo=57, routed)          1.579    15.001    CLK_100MHZ_IBUF_BUFG
    SLICE_X87Y124        FDCE                                         r  sreg_reg[6]/C
                         clock pessimism              0.259    15.260    
                         clock uncertainty           -0.035    15.225    
    SLICE_X87Y124        FDCE (Setup_fdce_C_CE)      -0.205    15.020    sreg_reg[6]
  -------------------------------------------------------------------
                         required time                         15.020    
                         arrival time                          -8.438    
  -------------------------------------------------------------------
                         slack                                  6.581    

Slack (MET) :             6.646ns  (required time - arrival time)
  Source:                 sclk_enable_reg/C
                            (rising edge-triggered cell FDRE clocked by sys_clk_pin  {rise@0.000ns fall@5.000ns period=10.000ns})
  Destination:            sreg_reg[7]/CE
                            (rising edge-triggered cell FDCE clocked by sys_clk_pin  {rise@0.000ns fall@5.000ns period=10.000ns})
  Path Group:             sys_clk_pin
  Path Type:              Setup (Max at Slow Process Corner)
  Requirement:            10.000ns  (sys_clk_pin rise@10.000ns - sys_clk_pin rise@0.000ns)
  Data Path Delay:        3.113ns  (logic 0.897ns (28.812%)  route 2.216ns (71.188%))
  Logic Levels:           2  (LUT3=1 LUT6=1)
  Clock Path Skew:        -0.036ns (DCD - SCD + CPR)
    Destination Clock Delay (DCD):    5.003ns = ( 15.003 - 10.000 ) 
    Source Clock Delay      (SCD):    5.298ns
    Clock Pessimism Removal (CPR):    0.259ns
  Clock Uncertainty:      0.035ns  ((TSJ^2 + TIJ^2)^1/2 + DJ) / 2 + PE
    Total System Jitter     (TSJ):    0.071ns
    Total Input Jitter      (TIJ):    0.000ns
    Discrete Jitter          (DJ):    0.000ns
    Phase Error              (PE):    0.000ns

    Location             Delay type                Incr(ns)  Path(ns)    Netlist Resource(s)
  -------------------------------------------------------------------    -------------------
                         (clock sys_clk_pin rise edge)
                                                      0.000     0.000 r  
    E3                                                0.000     0.000 r  CLK_100MHZ (IN)
                         net (fo=0)                   0.000     0.000    CLK_100MHZ
    E3                   IBUF (Prop_ibuf_I_O)         1.482     1.482 r  CLK_100MHZ_IBUF_inst/O
                         net (fo=1, routed)           2.025     3.506    CLK_100MHZ_IBUF
    BUFGCTRL_X0Y16       BUFG (Prop_bufg_I_O)         0.096     3.602 r  CLK_100MHZ_IBUF_BUFG_inst/O
                         net (fo=57, routed)          1.696     5.298    CLK_100MHZ_IBUF_BUFG
    SLICE_X88Y125        FDRE                                         r  sclk_enable_reg/C
  -------------------------------------------------------------------    -------------------
    SLICE_X88Y125        FDRE (Prop_fdre_C_Q)         0.478     5.776 r  sclk_enable_reg/Q
                         net (fo=11, routed)          0.867     6.643    sclk_enable_reg_n_0
    SLICE_X88Y124        LUT3 (Prop_lut3_I2_O)        0.295     6.938 f  FSM_onehot_sstate[10]_i_4/O
                         net (fo=2, routed)           0.742     7.680    FSM_onehot_sstate[10]_i_4_n_0
    SLICE_X88Y123        LUT6 (Prop_lut6_I0_O)        0.124     7.804 r  sreg[7]_i_1/O
                         net (fo=8, routed)           0.608     8.412    sreg
    SLICE_X88Y123        FDCE                                         r  sreg_reg[7]/CE
  -------------------------------------------------------------------    -------------------

                         (clock sys_clk_pin rise edge)
                                                     10.000    10.000 r  
    E3                                                0.000    10.000 r  CLK_100MHZ (IN)
                         net (fo=0)                   0.000    10.000    CLK_100MHZ
    E3                   IBUF (Prop_ibuf_I_O)         1.411    11.411 r  CLK_100MHZ_IBUF_inst/O
                         net (fo=1, routed)           1.920    13.331    CLK_100MHZ_IBUF
    BUFGCTRL_X0Y16       BUFG (Prop_bufg_I_O)         0.091    13.422 r  CLK_100MHZ_IBUF_BUFG_inst/O
                         net (fo=57, routed)          1.581    15.003    CLK_100MHZ_IBUF_BUFG
    SLICE_X88Y123        FDCE                                         r  sreg_reg[7]/C
                         clock pessimism              0.259    15.262    
                         clock uncertainty           -0.035    15.227    
    SLICE_X88Y123        FDCE (Setup_fdce_C_CE)      -0.169    15.058    sreg_reg[7]
  -------------------------------------------------------------------
                         required time                         15.058    
                         arrival time                          -8.412    
  -------------------------------------------------------------------
                         slack                                  6.646    

Slack (MET) :             6.861ns  (required time - arrival time)
  Source:                 FSM_onehot_sstate_reg[8]/C
                            (rising edge-triggered cell FDCE clocked by sys_clk_pin  {rise@0.000ns fall@5.000ns period=10.000ns})
  Destination:            FSM_onehot_sstate_reg[1]/CE
                            (rising edge-triggered cell FDCE clocked by sys_clk_pin  {rise@0.000ns fall@5.000ns period=10.000ns})
  Path Group:             sys_clk_pin
  Path Type:              Setup (Max at Slow Process Corner)
  Requirement:            10.000ns  (sys_clk_pin rise@10.000ns - sys_clk_pin rise@0.000ns)
  Data Path Delay:        2.899ns  (logic 0.842ns (29.048%)  route 2.057ns (70.952%))
  Logic Levels:           2  (LUT5=1 LUT6=1)
  Clock Path Skew:        0.000ns (DCD - SCD + CPR)
    Destination Clock Delay (DCD):    5.003ns = ( 15.003 - 10.000 ) 
    Source Clock Delay      (SCD):    5.300ns
    Clock Pessimism Removal (CPR):    0.297ns
  Clock Uncertainty:      0.035ns  ((TSJ^2 + TIJ^2)^1/2 + DJ) / 2 + PE
    Total System Jitter     (TSJ):    0.071ns
    Total Input Jitter      (TIJ):    0.000ns
    Discrete Jitter          (DJ):    0.000ns
    Phase Error              (PE):    0.000ns

    Location             Delay type                Incr(ns)  Path(ns)    Netlist Resource(s)
  -------------------------------------------------------------------    -------------------
                         (clock sys_clk_pin rise edge)
                                                      0.000     0.000 r  
    E3                                                0.000     0.000 r  CLK_100MHZ (IN)
                         net (fo=0)                   0.000     0.000    CLK_100MHZ
    E3                   IBUF (Prop_ibuf_I_O)         1.482     1.482 r  CLK_100MHZ_IBUF_inst/O
                         net (fo=1, routed)           2.025     3.506    CLK_100MHZ_IBUF
    BUFGCTRL_X0Y16       BUFG (Prop_bufg_I_O)         0.096     3.602 r  CLK_100MHZ_IBUF_BUFG_inst/O
                         net (fo=57, routed)          1.698     5.300    CLK_100MHZ_IBUF_BUFG
    SLICE_X89Y123        FDCE                                         r  FSM_onehot_sstate_reg[8]/C
  -------------------------------------------------------------------    -------------------
    SLICE_X89Y123        FDCE (Prop_fdce_C_Q)         0.419     5.719 r  FSM_onehot_sstate_reg[8]/Q
                         net (fo=3, routed)           0.828     6.547    FSM_onehot_sstate_reg_n_0_[8]
    SLICE_X88Y124        LUT5 (Prop_lut5_I1_O)        0.299     6.846 r  FSM_onehot_sstate[10]_i_2/O
                         net (fo=1, routed)           0.605     7.452    FSM_onehot_sstate[10]_i_2_n_0
    SLICE_X88Y123        LUT6 (Prop_lut6_I0_O)        0.124     7.576 r  FSM_onehot_sstate[10]_i_1/O
                         net (fo=11, routed)          0.623     8.199    FSM_onehot_sstate[10]_i_1_n_0
    SLICE_X89Y123        FDCE                                         r  FSM_onehot_sstate_reg[1]/CE
  -------------------------------------------------------------------    -------------------

                         (clock sys_clk_pin rise edge)
                                                     10.000    10.000 r  
    E3                                                0.000    10.000 r  CLK_100MHZ (IN)
                         net (fo=0)                   0.000    10.000    CLK_100MHZ
    E3                   IBUF (Prop_ibuf_I_O)         1.411    11.411 r  CLK_100MHZ_IBUF_inst/O
                         net (fo=1, routed)           1.920    13.331    CLK_100MHZ_IBUF
    BUFGCTRL_X0Y16       BUFG (Prop_bufg_I_O)         0.091    13.422 r  CLK_100MHZ_IBUF_BUFG_inst/O
                         net (fo=57, routed)          1.581    15.003    CLK_100MHZ_IBUF_BUFG
    SLICE_X89Y123        FDCE                                         r  FSM_onehot_sstate_reg[1]/C
                         clock pessimism              0.297    15.300    
                         clock uncertainty           -0.035    15.265    
    SLICE_X89Y123        FDCE (Setup_fdce_C_CE)      -0.205    15.060    FSM_onehot_sstate_reg[1]
  -------------------------------------------------------------------
                         required time                         15.060    
                         arrival time                          -8.199    
  -------------------------------------------------------------------
                         slack                                  6.861    

Slack (MET) :             6.861ns  (required time - arrival time)
  Source:                 FSM_onehot_sstate_reg[8]/C
                            (rising edge-triggered cell FDCE clocked by sys_clk_pin  {rise@0.000ns fall@5.000ns period=10.000ns})
  Destination:            FSM_onehot_sstate_reg[2]/CE
                            (rising edge-triggered cell FDCE clocked by sys_clk_pin  {rise@0.000ns fall@5.000ns period=10.000ns})
  Path Group:             sys_clk_pin
  Path Type:              Setup (Max at Slow Process Corner)
  Requirement:            10.000ns  (sys_clk_pin rise@10.000ns - sys_clk_pin rise@0.000ns)
  Data Path Delay:        2.899ns  (logic 0.842ns (29.048%)  route 2.057ns (70.952%))
  Logic Levels:           2  (LUT5=1 LUT6=1)
  Clock Path Skew:        0.000ns (DCD - SCD + CPR)
    Destination Clock Delay (DCD):    5.003ns = ( 15.003 - 10.000 ) 
    Source Clock Delay      (SCD):    5.300ns
    Clock Pessimism Removal (CPR):    0.297ns
  Clock Uncertainty:      0.035ns  ((TSJ^2 + TIJ^2)^1/2 + DJ) / 2 + PE
    Total System Jitter     (TSJ):    0.071ns
    Total Input Jitter      (TIJ):    0.000ns
    Discrete Jitter          (DJ):    0.000ns
    Phase Error              (PE):    0.000ns

    Location             Delay type                Incr(ns)  Path(ns)    Netlist Resource(s)
  -------------------------------------------------------------------    -------------------
                         (clock sys_clk_pin rise edge)
                                                      0.000     0.000 r  
    E3                                                0.000     0.000 r  CLK_100MHZ (IN)
                         net (fo=0)                   0.000     0.000    CLK_100MHZ
    E3                   IBUF (Prop_ibuf_I_O)         1.482     1.482 r  CLK_100MHZ_IBUF_inst/O
                         net (fo=1, routed)           2.025     3.506    CLK_100MHZ_IBUF
    BUFGCTRL_X0Y16       BUFG (Prop_bufg_I_O)         0.096     3.602 r  CLK_100MHZ_IBUF_BUFG_inst/O
                         net (fo=57, routed)          1.698     5.300    CLK_100MHZ_IBUF_BUFG
    SLICE_X89Y123        FDCE                                         r  FSM_onehot_sstate_reg[8]/C
  -------------------------------------------------------------------    -------------------
    SLICE_X89Y123        FDCE (Prop_fdce_C_Q)         0.419     5.719 r  FSM_onehot_sstate_reg[8]/Q
                         net (fo=3, routed)           0.828     6.547    FSM_onehot_sstate_reg_n_0_[8]
    SLICE_X88Y124        LUT5 (Prop_lut5_I1_O)        0.299     6.846 r  FSM_onehot_sstate[10]_i_2/O
                         net (fo=1, routed)           0.605     7.452    FSM_onehot_sstate[10]_i_2_n_0
    SLICE_X88Y123        LUT6 (Prop_lut6_I0_O)        0.124     7.576 r  FSM_onehot_sstate[10]_i_1/O
                         net (fo=11, routed)          0.623     8.199    FSM_onehot_sstate[10]_i_1_n_0
    SLICE_X89Y123        FDCE                                         r  FSM_onehot_sstate_reg[2]/CE
  -------------------------------------------------------------------    -------------------

                         (clock sys_clk_pin rise edge)
                                                     10.000    10.000 r  
    E3                                                0.000    10.000 r  CLK_100MHZ (IN)
                         net (fo=0)                   0.000    10.000    CLK_100MHZ
    E3                   IBUF (Prop_ibuf_I_O)         1.411    11.411 r  CLK_100MHZ_IBUF_inst/O
                         net (fo=1, routed)           1.920    13.331    CLK_100MHZ_IBUF
    BUFGCTRL_X0Y16       BUFG (Prop_bufg_I_O)         0.091    13.422 r  CLK_100MHZ_IBUF_BUFG_inst/O
                         net (fo=57, routed)          1.581    15.003    CLK_100MHZ_IBUF_BUFG
    SLICE_X89Y123        FDCE                                         r  FSM_onehot_sstate_reg[2]/C
                         clock pessimism              0.297    15.300    
                         clock uncertainty           -0.035    15.265    
    SLICE_X89Y123        FDCE (Setup_fdce_C_CE)      -0.205    15.060    FSM_onehot_sstate_reg[2]
  -------------------------------------------------------------------
                         required time                         15.060    
                         arrival time                          -8.199    
  -------------------------------------------------------------------
                         slack                                  6.861    





Min Delay Paths
--------------------------------------------------------------------------------------
Slack (MET) :             0.137ns  (arrival time - required time)
  Source:                 curr_byte_reg[7]/C
                            (rising edge-triggered cell FDCE clocked by sys_clk_pin  {rise@0.000ns fall@5.000ns period=10.000ns})
  Destination:            prev_byte_reg[7]/D
                            (rising edge-triggered cell FDCE clocked by sys_clk_pin  {rise@0.000ns fall@5.000ns period=10.000ns})
  Path Group:             sys_clk_pin
  Path Type:              Hold (Min at Fast Process Corner)
  Requirement:            0.000ns  (sys_clk_pin rise@0.000ns - sys_clk_pin rise@0.000ns)
  Data Path Delay:        0.215ns  (logic 0.141ns (65.642%)  route 0.074ns (34.358%))
  Logic Levels:           0  
  Clock Path Skew:        0.000ns (DCD - SCD - CPR)
    Destination Clock Delay (DCD):    2.022ns
    Source Clock Delay      (SCD):    1.507ns
    Clock Pessimism Removal (CPR):    0.514ns

    Location             Delay type                Incr(ns)  Path(ns)    Netlist Resource(s)
  -------------------------------------------------------------------    -------------------
                         (clock sys_clk_pin rise edge)
                                                      0.000     0.000 r  
    E3                                                0.000     0.000 r  CLK_100MHZ (IN)
                         net (fo=0)                   0.000     0.000    CLK_100MHZ
    E3                   IBUF (Prop_ibuf_I_O)         0.250     0.250 r  CLK_100MHZ_IBUF_inst/O
                         net (fo=1, routed)           0.644     0.894    CLK_100MHZ_IBUF
    BUFGCTRL_X0Y16       BUFG (Prop_bufg_I_O)         0.026     0.920 r  CLK_100MHZ_IBUF_BUFG_inst/O
                         net (fo=57, routed)          0.588     1.507    CLK_100MHZ_IBUF_BUFG
    SLICE_X86Y124        FDCE                                         r  curr_byte_reg[7]/C
  -------------------------------------------------------------------    -------------------
    SLICE_X86Y124        FDCE (Prop_fdce_C_Q)         0.141     1.648 r  curr_byte_reg[7]/Q
                         net (fo=2, routed)           0.074     1.722    curr_byte[7]
    SLICE_X86Y124        FDCE                                         r  prev_byte_reg[7]/D
  -------------------------------------------------------------------    -------------------

                         (clock sys_clk_pin rise edge)
                                                      0.000     0.000 r  
    E3                                                0.000     0.000 r  CLK_100MHZ (IN)
                         net (fo=0)                   0.000     0.000    CLK_100MHZ
    E3                   IBUF (Prop_ibuf_I_O)         0.438     0.438 r  CLK_100MHZ_IBUF_inst/O
                         net (fo=1, routed)           0.699     1.136    CLK_100MHZ_IBUF
    BUFGCTRL_X0Y16       BUFG (Prop_bufg_I_O)         0.029     1.165 r  CLK_100MHZ_IBUF_BUFG_inst/O
                         net (fo=57, routed)          0.856     2.022    CLK_100MHZ_IBUF_BUFG
    SLICE_X86Y124        FDCE                                         r  prev_byte_reg[7]/C
                         clock pessimism             -0.514     1.507    
    SLICE_X86Y124        FDCE (Hold_fdce_C_D)         0.078     1.585    prev_byte_reg[7]
  -------------------------------------------------------------------
                         required time                         -1.585    
                         arrival time                           1.722    
  -------------------------------------------------------------------
                         slack                                  0.137    

Slack (MET) :             0.153ns  (arrival time - required time)
  Source:                 sreg_reg[2]/C
                            (rising edge-triggered cell FDCE clocked by sys_clk_pin  {rise@0.000ns fall@5.000ns period=10.000ns})
  Destination:            curr_calc_par_reg/D
                            (rising edge-triggered cell FDCE clocked by sys_clk_pin  {rise@0.000ns fall@5.000ns period=10.000ns})
  Path Group:             sys_clk_pin
  Path Type:              Hold (Min at Fast Process Corner)
  Requirement:            0.000ns  (sys_clk_pin rise@0.000ns - sys_clk_pin rise@0.000ns)
  Data Path Delay:        0.257ns  (logic 0.186ns (72.463%)  route 0.071ns (27.537%))
  Logic Levels:           1  (LUT5=1)
  Clock Path Skew:        0.013ns (DCD - SCD - CPR)
    Destination Clock Delay (DCD):    2.022ns
    Source Clock Delay      (SCD):    1.507ns
    Clock Pessimism Removal (CPR):    0.501ns

    Location             Delay type                Incr(ns)  Path(ns)    Netlist Resource(s)
  -------------------------------------------------------------------    -------------------
                         (clock sys_clk_pin rise edge)
                                                      0.000     0.000 r  
    E3                                                0.000     0.000 r  CLK_100MHZ (IN)
                         net (fo=0)                   0.000     0.000    CLK_100MHZ
    E3                   IBUF (Prop_ibuf_I_O)         0.250     0.250 r  CLK_100MHZ_IBUF_inst/O
                         net (fo=1, routed)           0.644     0.894    CLK_100MHZ_IBUF
    BUFGCTRL_X0Y16       BUFG (Prop_bufg_I_O)         0.026     0.920 r  CLK_100MHZ_IBUF_BUFG_inst/O
                         net (fo=57, routed)          0.588     1.507    CLK_100MHZ_IBUF_BUFG
    SLICE_X87Y124        FDCE                                         r  sreg_reg[2]/C
  -------------------------------------------------------------------    -------------------
    SLICE_X87Y124        FDCE (Prop_fdce_C_Q)         0.141     1.648 r  sreg_reg[2]/Q
                         net (fo=3, routed)           0.071     1.719    sreg_reg_n_0_[2]
    SLICE_X86Y124        LUT5 (Prop_lut5_I3_O)        0.045     1.764 r  curr_calc_par_i_1/O
                         net (fo=1, routed)           0.000     1.764    calc_par
    SLICE_X86Y124        FDCE                                         r  curr_calc_par_reg/D
  -------------------------------------------------------------------    -------------------

                         (clock sys_clk_pin rise edge)
                                                      0.000     0.000 r  
    E3                                                0.000     0.000 r  CLK_100MHZ (IN)
                         net (fo=0)                   0.000     0.000    CLK_100MHZ
    E3                   IBUF (Prop_ibuf_I_O)         0.438     0.438 r  CLK_100MHZ_IBUF_inst/O
                         net (fo=1, routed)           0.699     1.136    CLK_100MHZ_IBUF
    BUFGCTRL_X0Y16       BUFG (Prop_bufg_I_O)         0.029     1.165 r  CLK_100MHZ_IBUF_BUFG_inst/O
                         net (fo=57, routed)          0.856     2.022    CLK_100MHZ_IBUF_BUFG
    SLICE_X86Y124        FDCE                                         r  curr_calc_par_reg/C
                         clock pessimism             -0.501     1.520    
    SLICE_X86Y124        FDCE (Hold_fdce_C_D)         0.091     1.611    curr_calc_par_reg
  -------------------------------------------------------------------
                         required time                         -1.611    
                         arrival time                           1.764    
  -------------------------------------------------------------------
                         slack                                  0.153    

Slack (MET) :             0.166ns  (arrival time - required time)
  Source:                 FSM_onehot_sstate_reg[9]/C
                            (rising edge-triggered cell FDCE clocked by sys_clk_pin  {rise@0.000ns fall@5.000ns period=10.000ns})
  Destination:            spar_reg/D
                            (rising edge-triggered cell FDCE clocked by sys_clk_pin  {rise@0.000ns fall@5.000ns period=10.000ns})
  Path Group:             sys_clk_pin
  Path Type:              Hold (Min at Fast Process Corner)
  Requirement:            0.000ns  (sys_clk_pin rise@0.000ns - sys_clk_pin rise@0.000ns)
  Data Path Delay:        0.322ns  (logic 0.186ns (57.818%)  route 0.136ns (42.182%))
  Logic Levels:           1  (LUT6=1)
  Clock Path Skew:        0.036ns (DCD - SCD - CPR)
    Destination Clock Delay (DCD):    2.022ns
    Source Clock Delay      (SCD):    1.506ns
    Clock Pessimism Removal (CPR):    0.479ns

    Location             Delay type                Incr(ns)  Path(ns)    Netlist Resource(s)
  -------------------------------------------------------------------    -------------------
                         (clock sys_clk_pin rise edge)
                                                      0.000     0.000 r  
    E3                                                0.000     0.000 r  CLK_100MHZ (IN)
                         net (fo=0)                   0.000     0.000    CLK_100MHZ
    E3                   IBUF (Prop_ibuf_I_O)         0.250     0.250 r  CLK_100MHZ_IBUF_inst/O
                         net (fo=1, routed)           0.644     0.894    CLK_100MHZ_IBUF
    BUFGCTRL_X0Y16       BUFG (Prop_bufg_I_O)         0.026     0.920 r  CLK_100MHZ_IBUF_BUFG_inst/O
                         net (fo=57, routed)          0.587     1.506    CLK_100MHZ_IBUF_BUFG
    SLICE_X85Y124        FDCE                                         r  FSM_onehot_sstate_reg[9]/C
  -------------------------------------------------------------------    -------------------
    SLICE_X85Y124        FDCE (Prop_fdce_C_Q)         0.141     1.647 r  FSM_onehot_sstate_reg[9]/Q
                         net (fo=3, routed)           0.136     1.783    srp
    SLICE_X88Y124        LUT6 (Prop_lut6_I1_O)        0.045     1.828 r  spar_i_1/O
                         net (fo=1, routed)           0.000     1.828    spar_i_1_n_0
    SLICE_X88Y124        FDCE                                         r  spar_reg/D
  -------------------------------------------------------------------    -------------------

                         (clock sys_clk_pin rise edge)
                                                      0.000     0.000 r  
    E3                                                0.000     0.000 r  CLK_100MHZ (IN)
                         net (fo=0)                   0.000     0.000    CLK_100MHZ
    E3                   IBUF (Prop_ibuf_I_O)         0.438     0.438 r  CLK_100MHZ_IBUF_inst/O
                         net (fo=1, routed)           0.699     1.136    CLK_100MHZ_IBUF
    BUFGCTRL_X0Y16       BUFG (Prop_bufg_I_O)         0.029     1.165 r  CLK_100MHZ_IBUF_BUFG_inst/O
                         net (fo=57, routed)          0.856     2.022    CLK_100MHZ_IBUF_BUFG
    SLICE_X88Y124        FDCE                                         r  spar_reg/C
                         clock pessimism             -0.479     1.542    
    SLICE_X88Y124        FDCE (Hold_fdce_C_D)         0.120     1.662    spar_reg
  -------------------------------------------------------------------
                         required time                         -1.662    
                         arrival time                           1.828    
  -------------------------------------------------------------------
                         slack                                  0.166    

Slack (MET) :             0.184ns  (arrival time - required time)
  Source:                 curr_byte_reg[2]/C
                            (rising edge-triggered cell FDCE clocked by sys_clk_pin  {rise@0.000ns fall@5.000ns period=10.000ns})
  Destination:            prev_byte_reg[2]/D
                            (rising edge-triggered cell FDCE clocked by sys_clk_pin  {rise@0.000ns fall@5.000ns period=10.000ns})
  Path Group:             sys_clk_pin
  Path Type:              Hold (Min at Fast Process Corner)
  Requirement:            0.000ns  (sys_clk_pin rise@0.000ns - sys_clk_pin rise@0.000ns)
  Data Path Delay:        0.268ns  (logic 0.141ns (52.619%)  route 0.127ns (47.381%))
  Logic Levels:           0  
  Clock Path Skew:        0.014ns (DCD - SCD - CPR)
    Destination Clock Delay (DCD):    2.023ns
    Source Clock Delay      (SCD):    1.507ns
    Clock Pessimism Removal (CPR):    0.501ns

    Location             Delay type                Incr(ns)  Path(ns)    Netlist Resource(s)
  -------------------------------------------------------------------    -------------------
                         (clock sys_clk_pin rise edge)
                                                      0.000     0.000 r  
    E3                                                0.000     0.000 r  CLK_100MHZ (IN)
                         net (fo=0)                   0.000     0.000    CLK_100MHZ
    E3                   IBUF (Prop_ibuf_I_O)         0.250     0.250 r  CLK_100MHZ_IBUF_inst/O
                         net (fo=1, routed)           0.644     0.894    CLK_100MHZ_IBUF
    BUFGCTRL_X0Y16       BUFG (Prop_bufg_I_O)         0.026     0.920 r  CLK_100MHZ_IBUF_BUFG_inst/O
                         net (fo=57, routed)          0.588     1.507    CLK_100MHZ_IBUF_BUFG
    SLICE_X86Y124        FDCE                                         r  curr_byte_reg[2]/C
  -------------------------------------------------------------------    -------------------
    SLICE_X86Y124        FDCE (Prop_fdce_C_Q)         0.141     1.648 r  curr_byte_reg[2]/Q
                         net (fo=2, routed)           0.127     1.775    curr_byte[2]
    SLICE_X86Y123        FDCE                                         r  prev_byte_reg[2]/D
  -------------------------------------------------------------------    -------------------

                         (clock sys_clk_pin rise edge)
                                                      0.000     0.000 r  
    E3                                                0.000     0.000 r  CLK_100MHZ (IN)
                         net (fo=0)                   0.000     0.000    CLK_100MHZ
    E3                   IBUF (Prop_ibuf_I_O)         0.438     0.438 r  CLK_100MHZ_IBUF_inst/O
                         net (fo=1, routed)           0.699     1.136    CLK_100MHZ_IBUF
    BUFGCTRL_X0Y16       BUFG (Prop_bufg_I_O)         0.029     1.165 r  CLK_100MHZ_IBUF_BUFG_inst/O
                         net (fo=57, routed)          0.857     2.023    CLK_100MHZ_IBUF_BUFG
    SLICE_X86Y123        FDCE                                         r  prev_byte_reg[2]/C
                         clock pessimism             -0.501     1.521    
    SLICE_X86Y123        FDCE (Hold_fdce_C_D)         0.070     1.591    prev_byte_reg[2]
  -------------------------------------------------------------------
                         required time                         -1.591    
                         arrival time                           1.775    
  -------------------------------------------------------------------
                         slack                                  0.184    

Slack (MET) :             0.190ns  (arrival time - required time)
  Source:                 curr_byte_reg[4]/C
                            (rising edge-triggered cell FDCE clocked by sys_clk_pin  {rise@0.000ns fall@5.000ns period=10.000ns})
  Destination:            prev_byte_reg[4]/D
                            (rising edge-triggered cell FDCE clocked by sys_clk_pin  {rise@0.000ns fall@5.000ns period=10.000ns})
  Path Group:             sys_clk_pin
  Path Type:              Hold (Min at Fast Process Corner)
  Requirement:            0.000ns  (sys_clk_pin rise@0.000ns - sys_clk_pin rise@0.000ns)
  Data Path Delay:        0.262ns  (logic 0.141ns (53.794%)  route 0.121ns (46.206%))
  Logic Levels:           0  
  Clock Path Skew:        0.000ns (DCD - SCD - CPR)
    Destination Clock Delay (DCD):    2.023ns
    Source Clock Delay      (SCD):    1.508ns
    Clock Pessimism Removal (CPR):    0.514ns

    Location             Delay type                Incr(ns)  Path(ns)    Netlist Resource(s)
  -------------------------------------------------------------------    -------------------
                         (clock sys_clk_pin rise edge)
                                                      0.000     0.000 r  
    E3                                                0.000     0.000 r  CLK_100MHZ (IN)
                         net (fo=0)                   0.000     0.000    CLK_100MHZ
    E3                   IBUF (Prop_ibuf_I_O)         0.250     0.250 r  CLK_100MHZ_IBUF_inst/O
                         net (fo=1, routed)           0.644     0.894    CLK_100MHZ_IBUF
    BUFGCTRL_X0Y16       BUFG (Prop_bufg_I_O)         0.026     0.920 r  CLK_100MHZ_IBUF_BUFG_inst/O
                         net (fo=57, routed)          0.589     1.508    CLK_100MHZ_IBUF_BUFG
    SLICE_X87Y123        FDCE                                         r  curr_byte_reg[4]/C
  -------------------------------------------------------------------    -------------------
    SLICE_X87Y123        FDCE (Prop_fdce_C_Q)         0.141     1.649 r  curr_byte_reg[4]/Q
                         net (fo=2, routed)           0.121     1.771    curr_byte[4]
    SLICE_X87Y123        FDCE                                         r  prev_byte_reg[4]/D
  -------------------------------------------------------------------    -------------------

                         (clock sys_clk_pin rise edge)
                                                      0.000     0.000 r  
    E3                                                0.000     0.000 r  CLK_100MHZ (IN)
                         net (fo=0)                   0.000     0.000    CLK_100MHZ
    E3                   IBUF (Prop_ibuf_I_O)         0.438     0.438 r  CLK_100MHZ_IBUF_inst/O
                         net (fo=1, routed)           0.699     1.136    CLK_100MHZ_IBUF
    BUFGCTRL_X0Y16       BUFG (Prop_bufg_I_O)         0.029     1.165 r  CLK_100MHZ_IBUF_BUFG_inst/O
                         net (fo=57, routed)          0.857     2.023    CLK_100MHZ_IBUF_BUFG
    SLICE_X87Y123        FDCE                                         r  prev_byte_reg[4]/C
                         clock pessimism             -0.514     1.508    
    SLICE_X87Y123        FDCE (Hold_fdce_C_D)         0.072     1.580    prev_byte_reg[4]
  -------------------------------------------------------------------
                         required time                         -1.580    
                         arrival time                           1.771    
  -------------------------------------------------------------------
                         slack                                  0.190    

Slack (MET) :             0.192ns  (arrival time - required time)
  Source:                 spar_reg/C
                            (rising edge-triggered cell FDCE clocked by sys_clk_pin  {rise@0.000ns fall@5.000ns period=10.000ns})
  Destination:            curr_par_reg/D
                            (rising edge-triggered cell FDCE clocked by sys_clk_pin  {rise@0.000ns fall@5.000ns period=10.000ns})
  Path Group:             sys_clk_pin
  Path Type:              Hold (Min at Fast Process Corner)
  Requirement:            0.000ns  (sys_clk_pin rise@0.000ns - sys_clk_pin rise@0.000ns)
  Data Path Delay:        0.276ns  (logic 0.164ns (59.397%)  route 0.112ns (40.603%))
  Logic Levels:           0  
  Clock Path Skew:        0.013ns (DCD - SCD - CPR)
    Destination Clock Delay (DCD):    2.022ns
    Source Clock Delay      (SCD):    1.507ns
    Clock Pessimism Removal (CPR):    0.501ns

    Location             Delay type                Incr(ns)  Path(ns)    Netlist Resource(s)
  -------------------------------------------------------------------    -------------------
                         (clock sys_clk_pin rise edge)
                                                      0.000     0.000 r  
    E3                                                0.000     0.000 r  CLK_100MHZ (IN)
                         net (fo=0)                   0.000     0.000    CLK_100MHZ
    E3                   IBUF (Prop_ibuf_I_O)         0.250     0.250 r  CLK_100MHZ_IBUF_inst/O
                         net (fo=1, routed)           0.644     0.894    CLK_100MHZ_IBUF
    BUFGCTRL_X0Y16       BUFG (Prop_bufg_I_O)         0.026     0.920 r  CLK_100MHZ_IBUF_BUFG_inst/O
                         net (fo=57, routed)          0.588     1.507    CLK_100MHZ_IBUF_BUFG
    SLICE_X88Y124        FDCE                                         r  spar_reg/C
  -------------------------------------------------------------------    -------------------
    SLICE_X88Y124        FDCE (Prop_fdce_C_Q)         0.164     1.671 r  spar_reg/Q
                         net (fo=2, routed)           0.112     1.784    spar_reg_n_0
    SLICE_X86Y124        FDCE                                         r  curr_par_reg/D
  -------------------------------------------------------------------    -------------------

                         (clock sys_clk_pin rise edge)
                                                      0.000     0.000 r  
    E3                                                0.000     0.000 r  CLK_100MHZ (IN)
                         net (fo=0)                   0.000     0.000    CLK_100MHZ
    E3                   IBUF (Prop_ibuf_I_O)         0.438     0.438 r  CLK_100MHZ_IBUF_inst/O
                         net (fo=1, routed)           0.699     1.136    CLK_100MHZ_IBUF
    BUFGCTRL_X0Y16       BUFG (Prop_bufg_I_O)         0.029     1.165 r  CLK_100MHZ_IBUF_BUFG_inst/O
                         net (fo=57, routed)          0.856     2.022    CLK_100MHZ_IBUF_BUFG
    SLICE_X86Y124        FDCE                                         r  curr_par_reg/C
                         clock pessimism             -0.501     1.520    
    SLICE_X86Y124        FDCE (Hold_fdce_C_D)         0.071     1.591    curr_par_reg
  -------------------------------------------------------------------
                         required time                         -1.591    
                         arrival time                           1.784    
  -------------------------------------------------------------------
                         slack                                  0.192    

Slack (MET) :             0.198ns  (arrival time - required time)
  Source:                 sclk_divider_reg[0]/C
                            (rising edge-triggered cell FDRE clocked by sys_clk_pin  {rise@0.000ns fall@5.000ns period=10.000ns})
  Destination:            sclk_divider_reg[5]/D
                            (rising edge-triggered cell FDRE clocked by sys_clk_pin  {rise@0.000ns fall@5.000ns period=10.000ns})
  Path Group:             sys_clk_pin
  Path Type:              Hold (Min at Fast Process Corner)
  Requirement:            0.000ns  (sys_clk_pin rise@0.000ns - sys_clk_pin rise@0.000ns)
  Data Path Delay:        0.303ns  (logic 0.209ns (69.086%)  route 0.094ns (30.914%))
  Logic Levels:           1  (LUT6=1)
  Clock Path Skew:        0.013ns (DCD - SCD - CPR)
    Destination Clock Delay (DCD):    2.022ns
    Source Clock Delay      (SCD):    1.507ns
    Clock Pessimism Removal (CPR):    0.501ns

    Location             Delay type                Incr(ns)  Path(ns)    Netlist Resource(s)
  -------------------------------------------------------------------    -------------------
                         (clock sys_clk_pin rise edge)
                                                      0.000     0.000 r  
    E3                                                0.000     0.000 r  CLK_100MHZ (IN)
                         net (fo=0)                   0.000     0.000    CLK_100MHZ
    E3                   IBUF (Prop_ibuf_I_O)         0.250     0.250 r  CLK_100MHZ_IBUF_inst/O
                         net (fo=1, routed)           0.644     0.894    CLK_100MHZ_IBUF
    BUFGCTRL_X0Y16       BUFG (Prop_bufg_I_O)         0.026     0.920 r  CLK_100MHZ_IBUF_BUFG_inst/O
                         net (fo=57, routed)          0.588     1.507    CLK_100MHZ_IBUF_BUFG
    SLICE_X88Y125        FDRE                                         r  sclk_divider_reg[0]/C
  -------------------------------------------------------------------    -------------------
    SLICE_X88Y125        FDRE (Prop_fdre_C_Q)         0.164     1.671 r  sclk_divider_reg[0]/Q
                         net (fo=7, routed)           0.094     1.765    sclk_divider_reg_n_0_[0]
    SLICE_X89Y125        LUT6 (Prop_lut6_I2_O)        0.045     1.810 r  sclk_divider[5]_i_1/O
                         net (fo=1, routed)           0.000     1.810    sclk_divider[5]
    SLICE_X89Y125        FDRE                                         r  sclk_divider_reg[5]/D
  -------------------------------------------------------------------    -------------------

                         (clock sys_clk_pin rise edge)
                                                      0.000     0.000 r  
    E3                                                0.000     0.000 r  CLK_100MHZ (IN)
                         net (fo=0)                   0.000     0.000    CLK_100MHZ
    E3                   IBUF (Prop_ibuf_I_O)         0.438     0.438 r  CLK_100MHZ_IBUF_inst/O
                         net (fo=1, routed)           0.699     1.136    CLK_100MHZ_IBUF
    BUFGCTRL_X0Y16       BUFG (Prop_bufg_I_O)         0.029     1.165 r  CLK_100MHZ_IBUF_BUFG_inst/O
                         net (fo=57, routed)          0.856     2.022    CLK_100MHZ_IBUF_BUFG
    SLICE_X89Y125        FDRE                                         r  sclk_divider_reg[5]/C
                         clock pessimism             -0.501     1.520    
    SLICE_X89Y125        FDRE (Hold_fdre_C_D)         0.092     1.612    sclk_divider_reg[5]
  -------------------------------------------------------------------
                         required time                         -1.612    
                         arrival time                           1.810    
  -------------------------------------------------------------------
                         slack                                  0.198    

Slack (MET) :             0.198ns  (arrival time - required time)
  Source:                 ps2_clk_sync_reg[0]/C
                            (rising edge-triggered cell FDCE clocked by sys_clk_pin  {rise@0.000ns fall@5.000ns period=10.000ns})
  Destination:            ps2_clk_sync_reg[1]/D
                            (rising edge-triggered cell FDCE clocked by sys_clk_pin  {rise@0.000ns fall@5.000ns period=10.000ns})
  Path Group:             sys_clk_pin
  Path Type:              Hold (Min at Fast Process Corner)
  Requirement:            0.000ns  (sys_clk_pin rise@0.000ns - sys_clk_pin rise@0.000ns)
  Data Path Delay:        0.245ns  (logic 0.141ns (57.511%)  route 0.104ns (42.489%))
  Logic Levels:           0  
  Clock Path Skew:        0.000ns (DCD - SCD - CPR)
    Destination Clock Delay (DCD):    2.022ns
    Source Clock Delay      (SCD):    1.507ns
    Clock Pessimism Removal (CPR):    0.514ns

    Location             Delay type                Incr(ns)  Path(ns)    Netlist Resource(s)
  -------------------------------------------------------------------    -------------------
                         (clock sys_clk_pin rise edge)
                                                      0.000     0.000 r  
    E3                                                0.000     0.000 r  CLK_100MHZ (IN)
                         net (fo=0)                   0.000     0.000    CLK_100MHZ
    E3                   IBUF (Prop_ibuf_I_O)         0.250     0.250 r  CLK_100MHZ_IBUF_inst/O
                         net (fo=1, routed)           0.644     0.894    CLK_100MHZ_IBUF
    BUFGCTRL_X0Y16       BUFG (Prop_bufg_I_O)         0.026     0.920 r  CLK_100MHZ_IBUF_BUFG_inst/O
                         net (fo=57, routed)          0.588     1.507    CLK_100MHZ_IBUF_BUFG
    SLICE_X89Y124        FDCE                                         r  ps2_clk_sync_reg[0]/C
  -------------------------------------------------------------------    -------------------
    SLICE_X89Y124        FDCE (Prop_fdce_C_Q)         0.141     1.648 r  ps2_clk_sync_reg[0]/Q
                         net (fo=1, routed)           0.104     1.753    ps2_clk_sync_reg_n_0_[0]
    SLICE_X89Y124        FDCE                                         r  ps2_clk_sync_reg[1]/D
  -------------------------------------------------------------------    -------------------

                         (clock sys_clk_pin rise edge)
                                                      0.000     0.000 r  
    E3                                                0.000     0.000 r  CLK_100MHZ (IN)
                         net (fo=0)                   0.000     0.000    CLK_100MHZ
    E3                   IBUF (Prop_ibuf_I_O)         0.438     0.438 r  CLK_100MHZ_IBUF_inst/O
                         net (fo=1, routed)           0.699     1.136    CLK_100MHZ_IBUF
    BUFGCTRL_X0Y16       BUFG (Prop_bufg_I_O)         0.029     1.165 r  CLK_100MHZ_IBUF_BUFG_inst/O
                         net (fo=57, routed)          0.856     2.022    CLK_100MHZ_IBUF_BUFG
    SLICE_X89Y124        FDCE                                         r  ps2_clk_sync_reg[1]/C
                         clock pessimism             -0.514     1.507    
    SLICE_X89Y124        FDCE (Hold_fdce_C_D)         0.047     1.554    ps2_clk_sync_reg[1]
  -------------------------------------------------------------------
                         required time                         -1.554    
                         arrival time                           1.753    
  -------------------------------------------------------------------
                         slack                                  0.198    

Slack (MET) :             0.207ns  (arrival time - required time)
  Source:                 FSM_onehot_sstate_reg[1]/C
                            (rising edge-triggered cell FDCE clocked by sys_clk_pin  {rise@0.000ns fall@5.000ns period=10.000ns})
  Destination:            FSM_onehot_sstate_reg[2]/D
                            (rising edge-triggered cell FDCE clocked by sys_clk_pin  {rise@0.000ns fall@5.000ns period=10.000ns})
  Path Group:             sys_clk_pin
  Path Type:              Hold (Min at Fast Process Corner)
  Requirement:            0.000ns  (sys_clk_pin rise@0.000ns - sys_clk_pin rise@0.000ns)
  Data Path Delay:        0.254ns  (logic 0.141ns (55.466%)  route 0.113ns (44.534%))
  Logic Levels:           0  
  Clock Path Skew:        0.000ns (DCD - SCD - CPR)
    Destination Clock Delay (DCD):    2.023ns
    Source Clock Delay      (SCD):    1.508ns
    Clock Pessimism Removal (CPR):    0.514ns

    Location             Delay type                Incr(ns)  Path(ns)    Netlist Resource(s)
  -------------------------------------------------------------------    -------------------
                         (clock sys_clk_pin rise edge)
                                                      0.000     0.000 r  
    E3                                                0.000     0.000 r  CLK_100MHZ (IN)
                         net (fo=0)                   0.000     0.000    CLK_100MHZ
    E3                   IBUF (Prop_ibuf_I_O)         0.250     0.250 r  CLK_100MHZ_IBUF_inst/O
                         net (fo=1, routed)           0.644     0.894    CLK_100MHZ_IBUF
    BUFGCTRL_X0Y16       BUFG (Prop_bufg_I_O)         0.026     0.920 r  CLK_100MHZ_IBUF_BUFG_inst/O
                         net (fo=57, routed)          0.589     1.508    CLK_100MHZ_IBUF_BUFG
    SLICE_X89Y123        FDCE                                         r  FSM_onehot_sstate_reg[1]/C
  -------------------------------------------------------------------    -------------------
    SLICE_X89Y123        FDCE (Prop_fdce_C_Q)         0.141     1.649 r  FSM_onehot_sstate_reg[1]/Q
                         net (fo=2, routed)           0.113     1.763    FSM_onehot_sstate_reg_n_0_[1]
    SLICE_X89Y123        FDCE                                         r  FSM_onehot_sstate_reg[2]/D
  -------------------------------------------------------------------    -------------------

                         (clock sys_clk_pin rise edge)
                                                      0.000     0.000 r  
    E3                                                0.000     0.000 r  CLK_100MHZ (IN)
                         net (fo=0)                   0.000     0.000    CLK_100MHZ
    E3                   IBUF (Prop_ibuf_I_O)         0.438     0.438 r  CLK_100MHZ_IBUF_inst/O
                         net (fo=1, routed)           0.699     1.136    CLK_100MHZ_IBUF
    BUFGCTRL_X0Y16       BUFG (Prop_bufg_I_O)         0.029     1.165 r  CLK_100MHZ_IBUF_BUFG_inst/O
                         net (fo=57, routed)          0.857     2.023    CLK_100MHZ_IBUF_BUFG
    SLICE_X89Y123        FDCE                                         r  FSM_onehot_sstate_reg[2]/C
                         clock pessimism             -0.514     1.508    
    SLICE_X89Y123        FDCE (Hold_fdce_C_D)         0.047     1.555    FSM_onehot_sstate_reg[2]
  -------------------------------------------------------------------
                         required time                         -1.555    
                         arrival time                           1.763    
  -------------------------------------------------------------------
                         slack                                  0.207    

Slack (MET) :             0.212ns  (arrival time - required time)
  Source:                 sreg_reg[1]/C
                            (rising edge-triggered cell FDCE clocked by sys_clk_pin  {rise@0.000ns fall@5.000ns period=10.000ns})
  Destination:            curr_byte_reg[1]/D
                            (rising edge-triggered cell FDCE clocked by sys_clk_pin  {rise@0.000ns fall@5.000ns period=10.000ns})
  Path Group:             sys_clk_pin
  Path Type:              Hold (Min at Fast Process Corner)
  Requirement:            0.000ns  (sys_clk_pin rise@0.000ns - sys_clk_pin rise@0.000ns)
  Data Path Delay:        0.296ns  (logic 0.141ns (47.581%)  route 0.155ns (52.419%))
  Logic Levels:           0  
  Clock Path Skew:        0.014ns (DCD - SCD - CPR)
    Destination Clock Delay (DCD):    2.023ns
    Source Clock Delay      (SCD):    1.507ns
    Clock Pessimism Removal (CPR):    0.501ns

    Location             Delay type                Incr(ns)  Path(ns)    Netlist Resource(s)
  -------------------------------------------------------------------    -------------------
                         (clock sys_clk_pin rise edge)
                                                      0.000     0.000 r  
    E3                                                0.000     0.000 r  CLK_100MHZ (IN)
                         net (fo=0)                   0.000     0.000    CLK_100MHZ
    E3                   IBUF (Prop_ibuf_I_O)         0.250     0.250 r  CLK_100MHZ_IBUF_inst/O
                         net (fo=1, routed)           0.644     0.894    CLK_100MHZ_IBUF
    BUFGCTRL_X0Y16       BUFG (Prop_bufg_I_O)         0.026     0.920 r  CLK_100MHZ_IBUF_BUFG_inst/O
                         net (fo=57, routed)          0.588     1.507    CLK_100MHZ_IBUF_BUFG
    SLICE_X87Y124        FDCE                                         r  sreg_reg[1]/C
  -------------------------------------------------------------------    -------------------
    SLICE_X87Y124        FDCE (Prop_fdce_C_Q)         0.141     1.648 r  sreg_reg[1]/Q
                         net (fo=3, routed)           0.155     1.804    sreg_reg_n_0_[1]
    SLICE_X87Y123        FDCE                                         r  curr_byte_reg[1]/D
  -------------------------------------------------------------------    -------------------

                         (clock sys_clk_pin rise edge)
                                                      0.000     0.000 r  
    E3                                                0.000     0.000 r  CLK_100MHZ (IN)
                         net (fo=0)                   0.000     0.000    CLK_100MHZ
    E3                   IBUF (Prop_ibuf_I_O)         0.438     0.438 r  CLK_100MHZ_IBUF_inst/O
                         net (fo=1, routed)           0.699     1.136    CLK_100MHZ_IBUF
    BUFGCTRL_X0Y16       BUFG (Prop_bufg_I_O)         0.029     1.165 r  CLK_100MHZ_IBUF_BUFG_inst/O
                         net (fo=57, routed)          0.857     2.023    CLK_100MHZ_IBUF_BUFG
    SLICE_X87Y123        FDCE                                         r  curr_byte_reg[1]/C
                         clock pessimism             -0.501     1.521    
    SLICE_X87Y123        FDCE (Hold_fdce_C_D)         0.070     1.591    curr_byte_reg[1]
  -------------------------------------------------------------------
                         required time                         -1.591    
                         arrival time                           1.804    
  -------------------------------------------------------------------
                         slack                                  0.212    





Pulse Width Checks
--------------------------------------------------------------------------------------
Clock Name:         sys_clk_pin
Waveform(ns):       { 0.000 5.000 }
Period(ns):         10.000
Sources:            { CLK_100MHZ }

Check Type        Corner  Lib Pin  Reference Pin  Required(ns)  Actual(ns)  Slack(ns)  Location        Pin
Min Period        n/a     BUFG/I   n/a            2.155         10.000      7.845      BUFGCTRL_X0Y16  CLK_100MHZ_IBUF_BUFG_inst/I
Min Period        n/a     FDPE/C   n/a            1.000         10.000      9.000      SLICE_X85Y124   FSM_onehot_sstate_reg[0]/C
Min Period        n/a     FDCE/C   n/a            1.000         10.000      9.000      SLICE_X85Y124   FSM_onehot_sstate_reg[10]/C
Min Period        n/a     FDCE/C   n/a            1.000         10.000      9.000      SLICE_X89Y123   FSM_onehot_sstate_reg[1]/C
Min Period        n/a     FDCE/C   n/a            1.000         10.000      9.000      SLICE_X89Y123   FSM_onehot_sstate_reg[2]/C
Min Period        n/a     FDCE/C   n/a            1.000         10.000      9.000      SLICE_X89Y123   FSM_onehot_sstate_reg[3]/C
Min Period        n/a     FDCE/C   n/a            1.000         10.000      9.000      SLICE_X89Y123   FSM_onehot_sstate_reg[4]/C
Min Period        n/a     FDCE/C   n/a            1.000         10.000      9.000      SLICE_X89Y123   FSM_onehot_sstate_reg[5]/C
Min Period        n/a     FDCE/C   n/a            1.000         10.000      9.000      SLICE_X89Y123   FSM_onehot_sstate_reg[6]/C
Min Period        n/a     FDCE/C   n/a            1.000         10.000      9.000      SLICE_X89Y123   FSM_onehot_sstate_reg[7]/C
Low Pulse Width   Fast    FDPE/C   n/a            0.500         5.000       4.500      SLICE_X85Y124   FSM_onehot_sstate_reg[0]/C
Low Pulse Width   Fast    FDCE/C   n/a            0.500         5.000       4.500      SLICE_X85Y124   FSM_onehot_sstate_reg[10]/C
Low Pulse Width   Fast    FDCE/C   n/a            0.500         5.000       4.500      SLICE_X89Y123   FSM_onehot_sstate_reg[1]/C
Low Pulse Width   Fast    FDCE/C   n/a            0.500         5.000       4.500      SLICE_X89Y123   FSM_onehot_sstate_reg[2]/C
Low Pulse Width   Fast    FDCE/C   n/a            0.500         5.000       4.500      SLICE_X89Y123   FSM_onehot_sstate_reg[3]/C
Low Pulse Width   Fast    FDCE/C   n/a            0.500         5.000       4.500      SLICE_X89Y123   FSM_onehot_sstate_reg[4]/C
Low Pulse Width   Fast    FDCE/C   n/a            0.500         5.000       4.500      SLICE_X89Y123   FSM_onehot_sstate_reg[5]/C
Low Pulse Width   Fast    FDCE/C   n/a            0.500         5.000       4.500      SLICE_X89Y123   FSM_onehot_sstate_reg[6]/C
Low Pulse Width   Fast    FDCE/C   n/a            0.500         5.000       4.500      SLICE_X89Y123   FSM_onehot_sstate_reg[7]/C
Low Pulse Width   Fast    FDCE/C   n/a            0.500         5.000       4.500      SLICE_X89Y123   FSM_onehot_sstate_reg[8]/C
High Pulse Width  Slow    FDPE/C   n/a            0.500         5.000       4.500      SLICE_X85Y124   FSM_onehot_sstate_reg[0]/C
High Pulse Width  Slow    FDCE/C   n/a            0.500         5.000       4.500      SLICE_X85Y124   FSM_onehot_sstate_reg[10]/C
High Pulse Width  Slow    FDCE/C   n/a            0.500         5.000       4.500      SLICE_X85Y124   FSM_onehot_sstate_reg[9]/C
High Pulse Width  Fast    FDPE/C   n/a            0.500         5.000       4.500      SLICE_X85Y124   FSM_onehot_sstate_reg[0]/C
High Pulse Width  Fast    FDCE/C   n/a            0.500         5.000       4.500      SLICE_X85Y124   FSM_onehot_sstate_reg[10]/C
High Pulse Width  Slow    FDCE/C   n/a            0.500         5.000       4.500      SLICE_X89Y123   FSM_onehot_sstate_reg[1]/C
High Pulse Width  Fast    FDCE/C   n/a            0.500         5.000       4.500      SLICE_X89Y123   FSM_onehot_sstate_reg[1]/C
High Pulse Width  Slow    FDCE/C   n/a            0.500         5.000       4.500      SLICE_X89Y123   FSM_onehot_sstate_reg[2]/C
High Pulse Width  Fast    FDCE/C   n/a            0.500         5.000       4.500      SLICE_X89Y123   FSM_onehot_sstate_reg[2]/C
High Pulse Width  Slow    FDCE/C   n/a            0.500         5.000       4.500      SLICE_X89Y123   FSM_onehot_sstate_reg[3]/C



---------------------------------------------------------------------------------------------------
From Clock:  PS2_CLK_pin
  To Clock:  sys_clk_pin

Setup :            0  Failing Endpoints,  Worst Slack        8.524ns,  Total Violation        0.000ns
Hold  :            0  Failing Endpoints,  Worst Slack        0.142ns,  Total Violation        0.000ns
---------------------------------------------------------------------------------------------------


Max Delay Paths
--------------------------------------------------------------------------------------
Slack (MET) :             8.524ns  (required time - arrival time)
  Source:                 PS2_CLK
                            (clock source 'PS2_CLK_pin'  {rise@0.000ns fall@50.000ns period=100.000ns})
  Destination:            ps2_clk_sync_reg[0]/D
                            (rising edge-triggered cell FDCE clocked by sys_clk_pin  {rise@0.000ns fall@5.000ns period=10.000ns})
  Path Group:             sys_clk_pin
  Path Type:              Setup (Max at Slow Process Corner)
  Requirement:            10.000ns  (sys_clk_pin rise@60.000ns - PS2_CLK_pin fall@50.000ns)
  Data Path Delay:        6.347ns  (logic 1.472ns (23.190%)  route 4.875ns (76.810%))
  Logic Levels:           1  (IBUF=1)
  Clock Path Skew:        5.001ns (DCD - SCD + CPR)
    Destination Clock Delay (DCD):    5.001ns = ( 65.001 - 60.000 ) 
    Source Clock Delay      (SCD):    0.000ns = ( 50.000 - 50.000 ) 
    Clock Pessimism Removal (CPR):    0.000ns
  Clock Uncertainty:      0.035ns  ((TSJ^2 + TIJ^2)^1/2 + DJ) / 2 + PE
    Total System Jitter     (TSJ):    0.071ns
    Total Input Jitter      (TIJ):    0.000ns
    Discrete Jitter          (DJ):    0.000ns
    Phase Error              (PE):    0.000ns
  Clock Domain Crossing:  Inter clock paths are considered valid unless explicitly excluded by timing constraints such as set_clock_groups or set_false_path.

    Location             Delay type                Incr(ns)  Path(ns)    Netlist Resource(s)
  -------------------------------------------------------------------    -------------------
                         (clock PS2_CLK_pin fall edge)
                                                     50.000    50.000 f  
    F4                                                0.000    50.000 f  PS2_CLK (IN)
                         net (fo=0)                   0.000    50.000    PS2_CLK
    F4                   IBUF (Prop_ibuf_I_O)         1.472    51.472 f  PS2_CLK_IBUF_inst/O
                         net (fo=1, routed)           4.875    56.347    PS2_CLK_IBUF
    SLICE_X89Y124        FDCE                                         f  ps2_clk_sync_reg[0]/D
  -------------------------------------------------------------------    -------------------

                         (clock sys_clk_pin rise edge)
                                                     60.000    60.000 r  
    E3                                                0.000    60.000 r  CLK_100MHZ (IN)
                         net (fo=0)                   0.000    60.000    CLK_100MHZ
    E3                   IBUF (Prop_ibuf_I_O)         1.411    61.411 r  CLK_100MHZ_IBUF_inst/O
                         net (fo=1, routed)           1.920    63.331    CLK_100MHZ_IBUF
    BUFGCTRL_X0Y16       BUFG (Prop_bufg_I_O)         0.091    63.422 r  CLK_100MHZ_IBUF_BUFG_inst/O
                         net (fo=57, routed)          1.579    65.001    CLK_100MHZ_IBUF_BUFG
    SLICE_X89Y124        FDCE                                         r  ps2_clk_sync_reg[0]/C
                         clock pessimism              0.000    65.001    
                         clock uncertainty           -0.035    64.966    
    SLICE_X89Y124        FDCE (Setup_fdce_C_D)       -0.095    64.871    ps2_clk_sync_reg[0]
  -------------------------------------------------------------------
                         required time                         64.871    
                         arrival time                         -56.347    
  -------------------------------------------------------------------
                         slack                                  8.524    





Min Delay Paths
--------------------------------------------------------------------------------------
Slack (MET) :             0.142ns  (arrival time - required time)
  Source:                 PS2_CLK
                            (clock source 'PS2_CLK_pin'  {rise@0.000ns fall@50.000ns period=100.000ns})
  Destination:            ps2_clk_sync_reg[0]/D
                            (rising edge-triggered cell FDCE clocked by sys_clk_pin  {rise@0.000ns fall@5.000ns period=10.000ns})
  Path Group:             sys_clk_pin
  Path Type:              Hold (Min at Slow Process Corner)
  Requirement:            0.000ns  (sys_clk_pin rise@0.000ns - PS2_CLK_pin rise@0.000ns)
  Data Path Delay:        5.644ns  (logic 1.401ns (24.827%)  route 4.243ns (75.173%))
  Logic Levels:           1  (IBUF=1)
  Clock Path Skew:        5.298ns (DCD - SCD - CPR)
    Destination Clock Delay (DCD):    5.298ns
    Source Clock Delay      (SCD):    0.000ns
    Clock Pessimism Removal (CPR):    -0.000ns
  Clock Uncertainty:      0.035ns  ((TSJ^2 + TIJ^2)^1/2 + DJ) / 2 + PE
    Total System Jitter     (TSJ):    0.071ns
    Total Input Jitter      (TIJ):    0.000ns
    Discrete Jitter          (DJ):    0.000ns
    Phase Error              (PE):    0.000ns
  Clock Domain Crossing:  Inter clock paths are considered valid unless explicitly excluded by timing constraints such as set_clock_groups or set_false_path.

    Location             Delay type                Incr(ns)  Path(ns)    Netlist Resource(s)
  -------------------------------------------------------------------    -------------------
                         (clock PS2_CLK_pin rise edge)
                                                      0.000     0.000 r  
    F4                                                0.000     0.000 r  PS2_CLK (IN)
                         net (fo=0)                   0.000     0.000    PS2_CLK
    F4                   IBUF (Prop_ibuf_I_O)         1.401     1.401 r  PS2_CLK_IBUF_inst/O
                         net (fo=1, routed)           4.243     5.644    PS2_CLK_IBUF
    SLICE_X89Y124        FDCE                                         r  ps2_clk_sync_reg[0]/D
  -------------------------------------------------------------------    -------------------

                         (clock sys_clk_pin rise edge)
                                                      0.000     0.000 r  
    E3                                                0.000     0.000 r  CLK_100MHZ (IN)
                         net (fo=0)                   0.000     0.000    CLK_100MHZ
    E3                   IBUF (Prop_ibuf_I_O)         1.482     1.482 r  CLK_100MHZ_IBUF_inst/O
                         net (fo=1, routed)           2.025     3.506    CLK_100MHZ_IBUF
    BUFGCTRL_X0Y16       BUFG (Prop_bufg_I_O)         0.096     3.602 r  CLK_100MHZ_IBUF_BUFG_inst/O
                         net (fo=57, routed)          1.696     5.298    CLK_100MHZ_IBUF_BUFG
    SLICE_X89Y124        FDCE                                         r  ps2_clk_sync_reg[0]/C
                         clock pessimism              0.000     5.298    
                         clock uncertainty            0.035     5.334    
    SLICE_X89Y124        FDCE (Hold_fdce_C_D)         0.169     5.503    ps2_clk_sync_reg[0]
  -------------------------------------------------------------------
                         required time                         -5.503    
                         arrival time                           5.644    
  -------------------------------------------------------------------
                         slack                                  0.142    





